{
    "ctx-lh-bankssts": [
        0.09803921568627451,
        0.39215686274509803,
        0.1568627450980392
    ],
    "ctx-lh-caudalanteriorcingulate": [
        0.49019607843137253,
        0.39215686274509803,
        0.6274509803921569
    ],
    "ctx-lh-caudalmiddlefrontal": [
        0.39215686274509803,
        0.09803921568627451,
        0.0
    ],
    "ctx-lh-cuneus": [
        0.8627450980392157,
        0.0784313725490196,
        0.39215686274509803
    ],
    "ctx-lh-entorhinal": [
        0.8627450980392157,
        0.0784313725490196,
        0.0392156862745098
    ],
    "ctx-lh-fusiform": [
        0.7058823529411765,
        0.8627450980392157,
        0.5490196078431373
    ],
    "ctx-lh-inferiorparietal": [
        0.8627450980392157,
        0.23529411764705882,
        0.8627450980392157
    ],
    "ctx-lh-inferiortemporal": [
        0.7058823529411765,
        0.1568627450980392,
        0.47058823529411764
    ],
    "ctx-lh-isthmuscingulate": [
        0.5490196078431373,
        0.0784313725490196,
        0.5490196078431373
    ],
    "ctx-lh-lateraloccipital": [
        0.0784313725490196,
        0.11764705882352941,
        0.5490196078431373
    ],
    "ctx-lh-lateralorbitofrontal": [
        0.13725490196078433,
        0.29411764705882354,
        0.19607843137254902
    ],
    "ctx-lh-lingual": [
        0.8823529411764706,
        0.5490196078431373,
        0.5490196078431373
    ],
    "ctx-lh-medialorbitofrontal": [
        0.7843137254901961,
        0.13725490196078433,
        0.29411764705882354
    ],
    "ctx-lh-middletemporal": [
        0.6274509803921569,
        0.39215686274509803,
        0.19607843137254902
    ],
    "ctx-lh-parahippocampal": [
        0.0784313725490196,
        0.8627450980392157,
        0.23529411764705882
    ],
    "ctx-lh-paracentral": [
        0.23529411764705882,
        0.8627450980392157,
        0.23529411764705882
    ],
    "ctx-lh-parsopercularis": [
        0.8627450980392157,
        0.7058823529411765,
        0.5490196078431373
    ],
    "ctx-lh-parsorbitalis": [
        0.0784313725490196,
        0.39215686274509803,
        0.19607843137254902
    ],
    "ctx-lh-parstriangularis": [
        0.8627450980392157,
        0.23529411764705882,
        0.0784313725490196
    ],
    "ctx-lh-pericalcarine": [
        0.47058823529411764,
        0.39215686274509803,
        0.23529411764705882
    ],
    "ctx-lh-postcentral": [
        0.8627450980392157,
        0.0784313725490196,
        0.0784313725490196
    ],
    "ctx-lh-posteriorcingulate": [
        0.8627450980392157,
        0.7058823529411765,
        0.8627450980392157
    ],
    "ctx-lh-precentral": [
        0.23529411764705882,
        0.0784313725490196,
        0.8627450980392157
    ],
    "ctx-lh-precuneus": [
        0.6274509803921569,
        0.5490196078431373,
        0.7058823529411765
    ],
    "ctx-lh-rostralanteriorcingulate": [
        0.3137254901960784,
        0.0784313725490196,
        0.5490196078431373
    ],
    "ctx-lh-rostralmiddlefrontal": [
        0.29411764705882354,
        0.19607843137254902,
        0.49019607843137253
    ],
    "ctx-lh-superiorfrontal": [
        0.0784313725490196,
        0.8627450980392157,
        0.6274509803921569
    ],
    "ctx-lh-superiorparietal": [
        0.0784313725490196,
        0.7058823529411765,
        0.5490196078431373
    ],
    "ctx-lh-superiortemporal": [
        0.5490196078431373,
        0.8627450980392157,
        0.8627450980392157
    ],
    "ctx-lh-supramarginal": [
        0.3137254901960784,
        0.6274509803921569,
        0.0784313725490196
    ],
    "ctx-lh-frontalpole": [
        0.39215686274509803,
        0.0,
        0.39215686274509803
    ],
    "ctx-lh-temporalpole": [
        0.27450980392156865,
        0.27450980392156865,
        0.27450980392156865
    ],
    "ctx-lh-transversetemporal": [
        0.5882352941176471,
        0.5882352941176471,
        0.7843137254901961
    ],
    "ctx-lh-insula": [
        1.0,
        0.7529411764705882,
        0.12549019607843137
    ],
    "Left-Cerebellum-Cortex": [
        0.9019607843137255,
        0.5803921568627451,
        0.13333333333333333
    ],
    "Left-Thalamus": [
        0.0,
        0.4627450980392157,
        0.054901960784313725
    ],
    "Left-Caudate": [
        0.47843137254901963,
        0.7294117647058823,
        0.8627450980392157
    ],
    "Left-Putamen": [
        0.9254901960784314,
        0.050980392156862744,
        0.6901960784313725
    ],
    "Left-Pallidum": [
        0.047058823529411764,
        0.18823529411764706,
        1.0
    ],
    "Left-Hippocampus": [
        0.8627450980392157,
        0.8470588235294118,
        0.0784313725490196
    ],
    "Left-Amygdala": [
        0.403921568627451,
        1.0,
        1.0
    ],
    "Left-Accumbens-area": [
        1.0,
        0.6470588235294118,
        0.0
    ],
    "Right-Thalamus": [
        0.0,
        0.4627450980392157,
        0.054901960784313725
    ],
    "Right-Caudate": [
        0.47843137254901963,
        0.7294117647058823,
        0.8627450980392157
    ],
    "Right-Putamen": [
        0.9254901960784314,
        0.050980392156862744,
        0.6901960784313725
    ],
    "Right-Pallidum": [
        0.050980392156862744,
        0.18823529411764706,
        1.0
    ],
    "Right-Hippocampus": [
        0.8627450980392157,
        0.8470588235294118,
        0.0784313725490196
    ],
    "Right-Amygdala": [
        0.403921568627451,
        1.0,
        1.0
    ],
    "Right-Accumbens-area": [
        1.0,
        0.6470588235294118,
        0.0
    ],
    "ctx-rh-bankssts": [
        0.09803921568627451,
        0.39215686274509803,
        0.1568627450980392
    ],
    "ctx-rh-caudalanteriorcingulate": [
        0.49019607843137253,
        0.39215686274509803,
        0.6274509803921569
    ],
    "ctx-rh-caudalmiddlefrontal": [
        0.39215686274509803,
        0.09803921568627451,
        0.0
    ],
    "ctx-rh-cuneus": [
        0.8627450980392157,
        0.0784313725490196,
        0.39215686274509803
    ],
    "ctx-rh-entorhinal": [
        0.8627450980392157,
        0.0784313725490196,
        0.0392156862745098
    ],
    "ctx-rh-fusiform": [
        0.7058823529411765,
        0.8627450980392157,
        0.5490196078431373
    ],
    "ctx-rh-inferiorparietal": [
        0.8627450980392157,
        0.23529411764705882,
        0.8627450980392157
    ],
    "ctx-rh-inferiortemporal": [
        0.7058823529411765,
        0.1568627450980392,
        0.47058823529411764
    ],
    "ctx-rh-isthmuscingulate": [
        0.5490196078431373,
        0.0784313725490196,
        0.5490196078431373
    ],
    "ctx-rh-lateraloccipital": [
        0.0784313725490196,
        0.11764705882352941,
        0.5490196078431373
    ],
    "ctx-rh-lateralorbitofrontal": [
        0.13725490196078433,
        0.29411764705882354,
        0.19607843137254902
    ],
    "ctx-rh-lingual": [
        0.8823529411764706,
        0.5490196078431373,
        0.5490196078431373
    ],
    "ctx-rh-medialorbitofrontal": [
        0.7843137254901961,
        0.13725490196078433,
        0.29411764705882354
    ],
    "ctx-rh-middletemporal": [
        0.6274509803921569,
        0.39215686274509803,
        0.19607843137254902
    ],
    "ctx-rh-parahippocampal": [
        0.0784313725490196,
        0.8627450980392157,
        0.23529411764705882
    ],
    "ctx-rh-paracentral": [
        0.23529411764705882,
        0.8627450980392157,
        0.23529411764705882
    ],
    "ctx-rh-parsopercularis": [
        0.8627450980392157,
        0.7058823529411765,
        0.5490196078431373
    ],
    "ctx-rh-parsorbitalis": [
        0.0784313725490196,
        0.39215686274509803,
        0.19607843137254902
    ],
    "ctx-rh-parstriangularis": [
        0.8627450980392157,
        0.23529411764705882,
        0.0784313725490196
    ],